{
  "Total" : {
    "transaction" : "Total",
    "sampleCount" : 50,
    "errorCount" : 0,
    "errorPct" : 0.0,
    "meanResTime" : 65.32000000000002,
    "medianResTime" : 62.0,
    "minResTime" : 54.0,
    "maxResTime" : 160.0,
    "pct1ResTime" : 67.9,
    "pct2ResTime" : 109.94999999999962,
    "pct3ResTime" : 160.0,
    "throughput" : 5.239991616013414,
    "receivedKBytesPerSec" : 1.274177648815762,
    "sentKBytesPerSec" : 1.1718340625655
  },
  "HTTP Request" : {
    "transaction" : "HTTP Request",
    "sampleCount" : 50,
    "errorCount" : 0,
    "errorPct" : 0.0,
    "meanResTime" : 65.32000000000002,
    "medianResTime" : 62.0,
    "minResTime" : 54.0,
    "maxResTime" : 160.0,
    "pct1ResTime" : 67.9,
    "pct2ResTime" : 109.94999999999962,
    "pct3ResTime" : 160.0,
    "throughput" : 5.239991616013414,
    "receivedKBytesPerSec" : 1.274177648815762,
    "sentKBytesPerSec" : 1.1718340625655
  }
}