{
  "Total" : {
    "transaction" : "Total",
    "sampleCount" : 50,
    "errorCount" : 0,
    "errorPct" : 0.0,
    "meanResTime" : 60.559999999999995,
    "medianResTime" : 59.0,
    "minResTime" : 53.0,
    "maxResTime" : 90.0,
    "pct1ResTime" : 67.0,
    "pct2ResTime" : 68.0,
    "pct3ResTime" : 90.0,
    "throughput" : 5.152514427040396,
    "receivedKBytesPerSec" : 1.2529063401690024,
    "sentKBytesPerSec" : 1.1522712927658696
  },
  "HTTP Request" : {
    "transaction" : "HTTP Request",
    "sampleCount" : 50,
    "errorCount" : 0,
    "errorPct" : 0.0,
    "meanResTime" : 60.559999999999995,
    "medianResTime" : 59.0,
    "minResTime" : 53.0,
    "maxResTime" : 90.0,
    "pct1ResTime" : 67.0,
    "pct2ResTime" : 68.0,
    "pct3ResTime" : 90.0,
    "throughput" : 5.152514427040396,
    "receivedKBytesPerSec" : 1.2529063401690024,
    "sentKBytesPerSec" : 1.1522712927658696
  }
}