{
  "HTTP Request-1" : {
    "transaction" : "HTTP Request-1",
    "sampleCount" : 50,
    "errorCount" : 0,
    "errorPct" : 0.0,
    "meanResTime" : 2852.52,
    "medianResTime" : 2978.5,
    "minResTime" : 594.0,
    "maxResTime" : 4789.0,
    "pct1ResTime" : 4429.5,
    "pct2ResTime" : 4592.1,
    "pct3ResTime" : 4789.0,
    "throughput" : 1.722000275520044,
    "receivedKBytesPerSec" : 2.64522112636038,
    "sentKBytesPerSec" : 1.4293947599531616
  },
  "Total" : {
    "transaction" : "Total",
    "sampleCount" : 200,
    "errorCount" : 0,
    "errorPct" : 0.0,
    "meanResTime" : 3478.8149999999982,
    "medianResTime" : 3227.0,
    "minResTime" : 225.0,
    "maxResTime" : 8729.0,
    "pct1ResTime" : 7025.900000000001,
    "pct2ResTime" : 8304.399999999998,
    "pct3ResTime" : 8723.580000000002,
    "throughput" : 6.710958996040534,
    "receivedKBytesPerSec" : 12.784573497584056,
    "sentKBytesPerSec" : 6.504977119824173
  },
  "HTTP Request-0" : {
    "transaction" : "HTTP Request-0",
    "sampleCount" : 50,
    "errorCount" : 0,
    "errorPct" : 0.0,
    "meanResTime" : 2858.96,
    "medianResTime" : 3138.0,
    "minResTime" : 414.0,
    "maxResTime" : 4798.0,
    "pct1ResTime" : 4521.2,
    "pct2ResTime" : 4697.349999999999,
    "pct3ResTime" : 4798.0,
    "throughput" : 1.8159366601292948,
    "receivedKBytesPerSec" : 2.7345452440618874,
    "sentKBytesPerSec" : 1.9004202758407787
  },
  "HTTP Request" : {
    "transaction" : "HTTP Request",
    "sampleCount" : 100,
    "errorCount" : 0,
    "errorPct" : 0.0,
    "meanResTime" : 4101.89,
    "medianResTime" : 3571.0,
    "minResTime" : 225.0,
    "maxResTime" : 8729.0,
    "pct1ResTime" : 8293.800000000001,
    "pct2ResTime" : 8564.9,
    "pct3ResTime" : 8728.96,
    "throughput" : 3.355479498020267,
    "receivedKBytesPerSec" : 7.680902288437018,
    "sentKBytesPerSec" : 3.3565280853633985
  }
}